Accuracy,Precision,Recall,F1
0.5294117647058824,0.0,0.0,0.0
0.47058823529411764,0.47058823529411764,1.0,0.6399999999999999
0.6470588235294118,0.625,0.625,0.625
0.47058823529411764,0.47058823529411764,1.0,0.6399999999999999
0.5294117647058824,0.0,0.0,0.0
0.5294117647058824,0.0,0.0,0.0
0.4411764705882353,0.45161290322580644,0.875,0.5957446808510638
0.5294117647058824,0.0,0.0,0.0
0.38235294117647056,0.3684210526315789,0.4375,0.39999999999999997
0.5,0.48484848484848486,1.0,0.653061224489796
