Accuracy,Precision,Recall,F1
0.5,0.0,0.0,0.0
0.47058823529411764,0.47058823529411764,1.0,0.6399999999999999
0.5,0.0,0.0,0.0
0.5294117647058824,0.0,0.0,0.0
0.5294117647058824,0.0,0.0,0.0
0.47058823529411764,0.47058823529411764,1.0,0.6399999999999999
0.5,0.48484848484848486,1.0,0.653061224489796
0.47058823529411764,0.47058823529411764,1.0,0.6399999999999999
0.5294117647058824,0.0,0.0,0.0
0.47058823529411764,0.47058823529411764,1.0,0.6399999999999999
