Accuracy,Precision,Recall,F1
0.4411764705882353,0.45454545454545453,0.9375,0.6122448979591837
0.7058823529411765,0.75,0.5625,0.6428571428571429
0.5294117647058824,0.0,0.0,0.0
0.5294117647058824,0.0,0.0,0.0
0.4411764705882353,0.4482758620689655,0.8125,0.5777777777777777
0.47058823529411764,0.47058823529411764,1.0,0.6399999999999999
0.5294117647058824,0.0,0.0,0.0
0.4117647058823529,0.25,0.125,0.16666666666666666
0.5294117647058824,0.0,0.0,0.0
0.5294117647058824,0.0,0.0,0.0
